Device,Total_Consumption,Avg_Consumption,Max_Consumption,Std_Dev,Records,Percentage,Location
AC_Back,93253.50061822947,129.51875085865206,284.0474224356511,66.54024383877925,720,29.6,AC_Room
AC_Front,101686.72644839935,141.23156451166577,540.6670602622775,78.21999165863983,720,32.27,AC_Room
Library,56908.29162998972,79.03929393054128,171.9161809783257,51.966362250674656,720,18.06,Library
Office,63242.750373679795,87.83715329677749,227.0546298130944,51.110339316980706,720,20.07,Office
